statement_label	statement_type	short_claim_name	current_toc_file	lean_handles	dependency_class	downstream_owner	downstream_treatment	notes
thm:counting-gap-intro	theorem	Counting Gap	latex_toc/content/01_introduction.tex:17	BA10	physical	C	cite only	Intro preview with bounded-capacity/event-cost framing; keep out of Papers A and B as a full theorem.
thm:bayes-optimal	theorem	Bayes Minimizes Expected Log Loss	latex_toc/content/01_introduction.tex:36	FN7,FN12,FN14	B-only	B	cite only	Intro preview statement; downstream papers should cite or briefly preview the owned result rather than duplicate the full theorem block in the introduction.
thm:measure-prerequisite	theorem	Measure-Theoretic Typing	latex_toc/content/01_introduction.tex:56	MN1,MN2,MN10,MN11	B-only	B	cite only	Intro preview statement; downstream papers should cite or briefly preview the owned result rather than duplicate the full theorem block in the introduction.
thm:quotient-universal	theorem	Universal Property of the Optimizer Quotient	latex_toc/content/01_introduction.tex:77	QT1,QT2,QT3,QT5,QT7	B-only	B	cite only	Intro preview statement; downstream papers should cite or briefly preview the owned result rather than duplicate the full theorem block in the introduction.
thm:checking-duality	theorem	Checking-Witnessing Duality	latex_toc/content/01_introduction.tex:100	WD1,WD2,WD3	A-only	A	cite only	Intro preview statement; downstream papers should cite or briefly preview the owned result rather than duplicate the full theorem block in the introduction.
thm:bayes-from-counting	theorem	Probability Axioms from Counting	latex_toc/content/01_introduction.tex:119	BC1,BC2,BC3,BC4,BC5	B-only	B	cite only	Intro preview statement; downstream papers should cite or briefly preview the owned result rather than duplicate the full theorem block in the introduction.
thm:fisher-rank-srank	theorem	Fisher Information = Structural Rank	latex_toc/content/01_introduction.tex:143	SK1,SK2,SK3,FS1,FS2	B-only	B	cite only	Intro preview statement; downstream papers should cite or briefly preview the owned result rather than duplicate the full theorem block in the introduction.
thm:entropy-rank	theorem	Entropy Bounded by Structural Rank	latex_toc/content/01_introduction.tex:167	IT3,IT4	B-only	B	cite only	Intro preview statement; downstream papers should cite or briefly preview the owned result rather than duplicate the full theorem block in the introduction.
thm:fi-coincide	theorem	Thermodynamic Cost from Counting	latex_toc/content/01_introduction.tex:186	FI3,FI6,FI7,WC1,WC2,WC3,WM1,WM3,WM4,WM5,WM6,WR1,WR2,WR3,WR4,WR5,WR6,WR7,WR8,WR9,WR10,WP1,WP5,WP6,WP7,WP8	physical	C	cite only	Intro preview statement; downstream papers should cite or briefly preview the owned result rather than duplicate the full theorem block in the introduction.
thm:wasserstein-bridge	theorem	Wasserstein Distance = Structural Rank	latex_toc/content/01_introduction.tex:197	W1,W2,W3,W4	B-only	B	cite only	Intro preview statement; downstream papers should cite or briefly preview the owned result rather than duplicate the full theorem block in the introduction.
thm:rate-distortion-bridge	theorem	Rate-Distortion = Structural Rank	latex_toc/content/01_introduction.tex:208	RD1,RD2,RD3,RS1,RS2,RS3,RS4,RS5	B-only	B	cite only	Intro preview statement; downstream papers should cite or briefly preview the owned result rather than duplicate the full theorem block in the introduction.
thm:nontriviality-counting	theorem	Information Requires Nontriviality	latex_toc/content/01_introduction.tex:219	FP1,FP2,FP3,FP4,FP5,FP6,FP7	B-only	B	cite only	Intro preview statement; downstream papers should cite or briefly preview the owned result rather than duplicate the full theorem block in the introduction.
thm:second-law-counting	theorem	Second Law Structure from Counting	latex_toc/content/01_introduction.tex:230	FP8,FP9,FP10,FP11,FP12,FP13,FP14	physical	C	cite only	Intro preview statement; downstream papers should cite or briefly preview the owned result rather than duplicate the full theorem block in the introduction.
thm:landauer-structure	theorem	Erasure Increases Environment Entropy	latex_toc/content/01_introduction.tex:241	FP15	physical	C	cite only	Intro preview statement; downstream papers should cite or briefly preview the owned result rather than duplicate the full theorem block in the introduction.
def:empirical-claims	definition	Irreducible Empirical Claim EC1	latex_toc/content/01_introduction.tex:256	IA7,IA9,IA11,IA12,IA13	physical	C	shortened recap	Intro preview statement; downstream papers should cite or briefly preview the owned result rather than duplicate the full theorem block in the introduction.
thm:ec2-derived	theorem	EC2 Derived from Uncertainty	latex_toc/content/01_introduction.tex:260	IA7,IA9,IA11,IA12,IA13	physical	C	cite only	Intro preview statement; downstream papers should cite or briefly preview the owned result rather than duplicate the full theorem block in the introduction.
thm:ec3-derived	theorem	EC3 Derived from Non-Contradiction	latex_toc/content/01_introduction.tex:274		physical	C	cite only	Intro preview statement; downstream papers should cite or briefly preview the owned result rather than duplicate the full theorem block in the introduction.
thm:assumption-necessity	theorem	Physical Claims Need Empirically Justified Assumptions	latex_toc/content/01_introduction.tex:297	AN3,AN4	physical	C	cite only	Intro preview statement; downstream papers should cite or briefly preview the owned result rather than duplicate the full theorem block in the introduction.
thm:energy-information	theorem	Energy Lower Bound	latex_toc/content/01_introduction.tex:316	EI1	physical	C	cite only	Intro preview statement; downstream papers should cite or briefly preview the owned result rather than duplicate the full theorem block in the introduction.
thm:tur-bridge	theorem	TUR Bridge (Conditional)	latex_toc/content/01_introduction.tex:339	TUR1,TUR2,TUR5,TUR6	physical	C	cite only	Intro preview statement; downstream papers should cite or briefly preview the owned result rather than duplicate the full theorem block in the introduction.
def:decision-problem	definition	Decision Problem	latex_toc/content/02_formal_foundations.tex:10		shared-foundation	A	full statement	Shared foundation owned canonically in Paper A; copy intentionally into Paper B as needed.
def:projection	definition	Projection	latex_toc/content/02_formal_foundations.tex:20		shared-foundation	A	full statement	Shared foundation owned canonically in Paper A; copy intentionally into Paper B as needed.
def:optimizer	definition	Optimizer Map	latex_toc/content/02_formal_foundations.tex:28		shared-foundation	A	full statement	Shared foundation owned canonically in Paper A; copy intentionally into Paper B as needed.
def:sufficient	definition	Sufficient Coordinate Set	latex_toc/content/02_formal_foundations.tex:37		shared-foundation	A	full statement	Shared foundation owned canonically in Paper A; copy intentionally into Paper B as needed.
prop:empty-sufficient-constant	proposition	Empty-Set Sufficiency Equals Constant Decision Boundary	latex_toc/content/02_formal_foundations.tex:46	DP6	shared-foundation	A	full statement	Shared foundation owned canonically in Paper A; copy intentionally into Paper B as needed.
prop:insufficiency-counterexample	proposition	Insufficiency Equals Counterexample Witness	latex_toc/content/02_formal_foundations.tex:57		shared-foundation	A	full statement	Shared foundation owned canonically in Paper A; copy intentionally into Paper B as needed.
def:selector	definition	Deterministic Selector	latex_toc/content/02_formal_foundations.tex:75		shared-foundation	A	full statement	Shared foundation owned canonically in Paper A; copy intentionally into Paper B as needed.
def:selector-sufficient	definition	Selector-Level Sufficiency	latex_toc/content/02_formal_foundations.tex:79	DP5	shared-foundation	A	full statement	Shared foundation owned canonically in Paper A; copy intentionally into Paper B as needed.
prop:set-to-selector	proposition	Set-Level Target Dominates Selector Targets	latex_toc/content/02_formal_foundations.tex:86	DP5	shared-foundation	A	full statement	Shared foundation owned canonically in Paper A; copy intentionally into Paper B as needed.
def:epsilon-sufficiency	definition	$\varepsilon$-Optimal Set and $\varepsilon$-Sufficiency	latex_toc/content/02_formal_foundations.tex:95		shared-foundation	A	full statement	Shared foundation owned canonically in Paper A; copy intentionally into Paper B as needed.
prop:zero-epsilon-reduction	proposition	Zero-$\varepsilon$ Reduction	latex_toc/content/02_formal_foundations.tex:108	DP1,DP4,CC54	shared-foundation	A	full statement	Shared foundation owned canonically in Paper A; copy intentionally into Paper B as needed.
prop:selector-separation	proposition	Selector-Level Separation Witness	latex_toc/content/02_formal_foundations.tex:117	CC54	shared-foundation	A	full statement	Shared foundation owned canonically in Paper A; copy intentionally into Paper B as needed.
def:minimal-sufficient	definition	Minimal Sufficient Set	latex_toc/content/02_formal_foundations.tex:122		shared-foundation	A	full statement	Shared foundation owned canonically in Paper A; copy intentionally into Paper B as needed.
def:relevant	definition	Relevant Coordinate	latex_toc/content/02_formal_foundations.tex:126		shared-foundation	A	full statement	Shared foundation owned canonically in Paper A; copy intentionally into Paper B as needed.
prop:minimal-relevant-equiv	proposition	Minimal-Set/Relevance Equivalence	latex_toc/content/02_formal_foundations.tex:135	DP2,DP3	shared-foundation	A	full statement	Shared foundation owned canonically in Paper A; copy intentionally into Paper B as needed.
prop:srank-support	proposition	Structural Rank as Relevant-Support Size	latex_toc/content/02_formal_foundations.tex:149	SK1,SK2,SK3	B-only	B	full statement	Coimage/quotient/information-geometry foundation owned canonically by Paper B.
def:exact-identifiability	definition	Exact Relevance Identifiability	latex_toc/content/02_formal_foundations.tex:166		shared-foundation	A	full statement	Shared foundation owned canonically in Paper A; copy intentionally into Paper B as needed.
def:decision-equiv	definition	Decision Equivalence	latex_toc/content/02_formal_foundations.tex:189		shared-foundation	A	full statement	Shared foundation owned canonically in Paper A; copy intentionally into Paper B as needed.
def:decision-quotient	definition	Decision-Quotient Score	latex_toc/content/02_formal_foundations.tex:193	CC62	B-only	B	full statement	Coimage/quotient/information-geometry foundation owned canonically by Paper B.
prop:sufficiency-char	proposition	Sufficiency Characterization	latex_toc/content/02_formal_foundations.tex:201	CC62,CC63	shared-foundation	A	full statement	Shared foundation owned canonically in Paper A; copy intentionally into Paper B as needed.
prop:optimizer-coimage	proposition	Optimizer Quotient as Coimage/Image Factorization	latex_toc/content/02_formal_foundations.tex:216	QT5,QT7	B-only	B	full statement	Coimage/quotient/information-geometry foundation owned canonically by Paper B.
prop:optimizer-entropy-image	proposition	Optimizer Quotient Entropy as Image-Size Entropy	latex_toc/content/02_formal_foundations.tex:238	IT1,IT2,QT5	B-only	B	full statement	Coimage/quotient/information-geometry foundation owned canonically by Paper B.
thm:abstraction-boundary	theorem	Decision-Preserving Collapse Boundary	latex_toc/content/02_formal_foundations.tex:258	QT5,AB1,AB2,AB3,AB4	physical	C	cite only	Mixed theorem with an explicitly physical second clause; keep the full mixed statement out of Paper A and Paper B.
rem:question-vs-problem	remark	Decision Questions vs Decision Problems	latex_toc/content/02_formal_foundations.tex:315		shared-foundation	A	shortened recap	Shared foundation owned canonically in Paper A; copy intentionally into Paper B as needed.
def:anchor-query-object	definition	Anchor Query Object	latex_toc/content/02_formal_foundations.tex:319		physical	C	full statement	Physical/claim-discipline foundation; keep out of Papers A and B.
def:pose-anchor-query	definition	Pose Operation for Anchor Queries	latex_toc/content/02_formal_foundations.tex:331	AQ1	physical	C	full statement	Physical/claim-discipline foundation; keep out of Papers A and B.
prop:pose-anchor-object	proposition	Posing Produces a Formal Query Object	latex_toc/content/02_formal_foundations.tex:339	AQ1,AQ2,AQ3	physical	C	full statement	Physical/claim-discipline foundation; keep out of Papers A and B.
prop:posed-anchor-typed-exact	proposition	Typed Exact Claims on Posed Anchor Queries	latex_toc/content/02_formal_foundations.tex:347	AQ4,AQ5,AQ6,AQ7	physical	C	full statement	Physical/claim-discipline foundation; keep out of Papers A and B.
cor:posed-anchor-certified-gate	corollary	Certified-Confidence Gate for Posed Anchor Queries	latex_toc/content/02_formal_foundations.tex:361	AQ8	physical	C	full statement	Physical/claim-discipline foundation; keep out of Papers A and B.
prop:under-resolution-collision	proposition	Under-Resolution Forces Representation Collision	latex_toc/content/02_formal_foundations.tex:367	PI6,PI7	physical	C	full statement	Physical/claim-discipline foundation; keep out of Papers A and B.
thm:physical-incompleteness	theorem	Physical Incompleteness of Instantiation	latex_toc/content/02_formal_foundations.tex:377	PI3,PI4,PI5	physical	C	full statement	Physical/claim-discipline foundation; keep out of Papers A and B.
def:regime-simulation	definition	Regime Simulation	latex_toc/content/02_formal_foundations.tex:388	CC1,CC52	physical	C	full statement	Physical/claim-discipline foundation; keep out of Papers A and B.
rem:uniform-assumption-discipline	remark	Uniform Assumption Discipline	latex_toc/content/02_formal_foundations.tex:422		physical	C	shortened recap	Physical/claim-discipline foundation; keep out of Papers A and B.
rem:modal-should	remark	Modal Convention: Contract-Conditional Necessity	latex_toc/content/02_formal_foundations.tex:427		physical	C	shortened recap	Physical/claim-discipline foundation; keep out of Papers A and B.
def:timed-interface-state	definition	Timed Interface State	latex_toc/content/02_formal_foundations.tex:434		physical	C	full statement	Physical/claim-discipline foundation; keep out of Papers A and B.
def:decision-tick-event	definition	Decision Tick and Decision Event	latex_toc/content/02_formal_foundations.tex:442		physical	C	full statement	Physical/claim-discipline foundation; keep out of Papers A and B.
prop:time-discrete	proposition	Time Coordinate Is Discrete	latex_toc/content/02_formal_foundations.tex:454	DT6,DT7	physical	C	full statement	Physical/claim-discipline foundation; keep out of Papers A and B.
prop:decision-unit-time	proposition	Decision Event Is One Unit of Time	latex_toc/content/02_formal_foundations.tex:466	DT13,DT11,DT10,DT12	physical	C	full statement	Physical/claim-discipline foundation; keep out of Papers A and B.
prop:run-time-accounting	proposition	Run Accounting Identity	latex_toc/content/02_formal_foundations.tex:478	DT15,DT16,DT18,DT19	physical	C	full statement	Physical/claim-discipline foundation; keep out of Papers A and B.
prop:substrate-unit-time	proposition	Substrate Realization Preserves Unit-Time Events	latex_toc/content/02_formal_foundations.tex:492	DT22,DT23,DT24	physical	C	full statement	Physical/claim-discipline foundation; keep out of Papers A and B.
def:physical-core-encoding	definition	Physical-to-Core Encoding	latex_toc/content/02_formal_foundations.tex:501		physical	C	full statement	Physical/claim-discipline foundation; keep out of Papers A and B.
def:physical-scope-gate	definition	Physical Scope Gate	latex_toc/content/02_formal_foundations.tex:509		physical	C	full statement	Physical/claim-discipline foundation; keep out of Papers A and B.
prop:typed-physical-transport-requirement	proposition	Typed Physical Transport Requirement	latex_toc/content/02_formal_foundations.tex:521	PS3,PS4	physical	C	full statement	Physical/claim-discipline foundation; keep out of Papers A and B.
prop:heisenberg-strong-nontrivial-opt	proposition	Heisenberg-Strong Binding Yields Nontrivial Decision Boundary	latex_toc/content/02_formal_foundations.tex:532	HS3,HS5,HS6	physical	C	full statement	Physical/claim-discipline foundation; keep out of Papers A and B.
prop:physical-claim-transport	proposition	Physical Claim Transport	latex_toc/content/02_formal_foundations.tex:540		physical	C	full statement	Physical/claim-discipline foundation; keep out of Papers A and B.
cor:physical-counterexample-core-failure	corollary	Physical Counterexample Implies Core Failure on Encoded Slice	latex_toc/content/02_formal_foundations.tex:556	CT4,CT5,CT6	physical	C	full statement	Physical/claim-discipline foundation; keep out of Papers A and B.
prop:law-instance-objective-bridge	proposition	Law-Instance Objective Bridge	latex_toc/content/02_formal_foundations.tex:566	CT1,CT2	physical	C	full statement	Physical/claim-discipline foundation; keep out of Papers A and B.
thm:physical-bridge-bundle	theorem	Physical Bridge Bundle	latex_toc/content/02_formal_foundations.tex:576	CT4	physical	C	full statement	Physical/claim-discipline foundation; keep out of Papers A and B.
thm:regime-coverage	theorem	Declared Regime Coverage for the Static Class	latex_toc/content/02_formal_foundations.tex:587	CC14,CC51	physical	C	full statement	Physical/claim-discipline foundation; keep out of Papers A and B.
def:adjacent-sequential-regime	definition	Adjacent Sequential Objective Regime	latex_toc/content/02_formal_foundations.tex:617		physical	C	full statement	Physical/claim-discipline foundation; keep out of Papers A and B.
prop:one-step-bridge	proposition	One-Step Deterministic Bridge	latex_toc/content/02_formal_foundations.tex:627	CC42	physical	C	full statement	Physical/claim-discipline foundation; keep out of Papers A and B.
prop:bridge-transfer-scope	proposition	Bridge Transfer Rule	latex_toc/content/02_formal_foundations.tex:643	CC42	physical	C	full statement	Physical/claim-discipline foundation; keep out of Papers A and B.
prop:bridge-failure-horizon	remark	Extension Boundary	latex_toc/content/02_formal_foundations.tex:654	CC26,CC25	physical	C	shortened recap	Physical/claim-discipline foundation; keep out of Papers A and B.
prop:bridge-failure-horizon	proposition	Horizon-$>1$ Bridge-Failure Witness	latex_toc/content/02_formal_foundations.tex:658	CC26,CC25,CC57	physical	C	full statement	Physical/claim-discipline foundation; keep out of Papers A and B.
prop:bridge-failure-stochastic	proposition	Stochastic-Criterion Bridge-Failure Witness	latex_toc/content/02_formal_foundations.tex:664	CC57,CC73	physical	C	full statement	Physical/claim-discipline foundation; keep out of Papers A and B.
prop:bridge-failure-transition	proposition	Transition-Coupled Bridge-Failure Witness	latex_toc/content/02_formal_foundations.tex:669	CC73,CC10	physical	C	full statement	Physical/claim-discipline foundation; keep out of Papers A and B.
thm:bridge-boundary-represented	theorem	Exact Bridge Boundary in the Represented Adjacent Family	latex_toc/content/02_formal_foundations.tex:674	CC10,CC9,CC8	physical	C	full statement	Physical/claim-discipline foundation; keep out of Papers A and B.
def:system-snapshot-process	definition	System Snapshot vs System Process Typing	latex_toc/content/02_formal_foundations.tex:685	CC3,CC48	physical	C	full statement	Physical/claim-discipline foundation; keep out of Papers A and B.
prop:snapshot-process-typing	proposition	Snapshot/Process Transfer Typing	latex_toc/content/02_formal_foundations.tex:693	CC3,CC48,CC56	physical	C	full statement	Physical/claim-discipline foundation; keep out of Papers A and B.
def:structural-complexity	definition	Structural Complexity	latex_toc/content/02_formal_foundations.tex:710	HD17,HD22,HD23,HD18,HD27,HD28	physical	C	full statement	Physical/claim-discipline foundation; keep out of Papers A and B.
def:representational-hardness	definition	Representational Hardness	latex_toc/content/02_formal_foundations.tex:714	HD17,HD22,HD23,HD18,HD27,HD28	physical	C	full statement	Physical/claim-discipline foundation; keep out of Papers A and B.
thm:typed-completeness-static	remark	Interpretation Contract	latex_toc/content/02_formal_foundations.tex:720	HD17,HD22,HD23,HD18,HD27,HD28	physical	C	shortened recap	Physical/claim-discipline foundation; keep out of Papers A and B.
thm:typed-completeness-static	theorem	Typed Completeness for the Static Sufficiency Class	latex_toc/content/02_formal_foundations.tex:725	CC76	physical	C	full statement	Physical/claim-discipline foundation; keep out of Papers A and B.
def:certifying-solver	definition	Certifying Solver	latex_toc/content/02_formal_foundations.tex:745		physical	C	full statement	Physical/claim-discipline foundation; keep out of Papers A and B.
def:induced-solver-relation	definition	Induced Solver Relation	latex_toc/content/02_formal_foundations.tex:753		physical	C	full statement	Physical/claim-discipline foundation; keep out of Papers A and B.
prop:universal-solver-framing	proposition	Universality of Solver Framing	latex_toc/content/02_formal_foundations.tex:763	CC77	physical	C	full statement	Physical/claim-discipline foundation; keep out of Papers A and B.
def:solver-integrity	definition	Solver Integrity	latex_toc/content/02_formal_foundations.tex:773		physical	C	full statement	Physical/claim-discipline foundation; keep out of Papers A and B.
def:competence-regime	definition	Competence Under a Regime	latex_toc/content/02_formal_foundations.tex:782		physical	C	full statement	Physical/claim-discipline foundation; keep out of Papers A and B.
cor:integrity-universal	corollary	Universality of Integrity Applicability	latex_toc/content/02_formal_foundations.tex:791	CC31	physical	C	full statement	Physical/claim-discipline foundation; keep out of Papers A and B.
rem:external-task-nonvacuity	remark	External-Task Non-Vacuity	latex_toc/content/02_formal_foundations.tex:803		physical	C	shortened recap	Physical/claim-discipline foundation; keep out of Papers A and B.
def:epsilon-objective-family	definition	$\varepsilon$-Objective Relation Family	latex_toc/content/02_formal_foundations.tex:809		physical	C	full statement	Physical/claim-discipline foundation; keep out of Papers A and B.
def:epsilon-competence-regime	definition	$\varepsilon$-Competence Under a Regime	latex_toc/content/02_formal_foundations.tex:818		physical	C	full statement	Physical/claim-discipline foundation; keep out of Papers A and B.
prop:zero-epsilon-competence	proposition	Zero-$\varepsilon$ Competence Reduction	latex_toc/content/02_formal_foundations.tex:823	IC33,IC19	physical	C	full statement	Physical/claim-discipline foundation; keep out of Papers A and B.
def:typed-claim-report	definition	Typed Claim Report	latex_toc/content/02_formal_foundations.tex:835		physical	C	full statement	Physical/claim-discipline foundation; keep out of Papers A and B.
prop:typed-claim-admissibility	proposition	Typed Claim Admissibility Discipline	latex_toc/content/02_formal_foundations.tex:844	CC75	physical	C	full statement	Physical/claim-discipline foundation; keep out of Papers A and B.
def:evidence-object	definition	Evidence Object for a Typed Report	latex_toc/content/02_formal_foundations.tex:855	IC2	physical	C	full statement	Physical/claim-discipline foundation; keep out of Papers A and B.
prop:evidence-admissibility-equivalence	proposition	Evidence--Admissibility Equivalence	latex_toc/content/02_formal_foundations.tex:866	IC17,IC21,IC20	physical	C	full statement	Physical/claim-discipline foundation; keep out of Papers A and B.
def:signaled-typed-report	definition	Signaled Typed Report (Guess + Confidence)	latex_toc/content/02_formal_foundations.tex:890	IC34	physical	C	full statement	Physical/claim-discipline foundation; keep out of Papers A and B.
def:signal-consistency	definition	Signal Consistency Discipline	latex_toc/content/02_formal_foundations.tex:904		physical	C	full statement	Physical/claim-discipline foundation; keep out of Papers A and B.
prop:exact-requires-evidence	proposition	Exact Claims Require Exact Evidence	latex_toc/content/02_formal_foundations.tex:911	IC35,IC36	physical	C	full statement	Physical/claim-discipline foundation; keep out of Papers A and B.
def:completion-fraction	definition	Bound-Dependent Completion Fraction	latex_toc/content/02_formal_foundations.tex:923	IC37	physical	C	full statement	Physical/claim-discipline foundation; keep out of Papers A and B.
prop:certified-confidence-gate	proposition	Certified-Confidence Gate	latex_toc/content/02_formal_foundations.tex:933	IC38,IC39	physical	C	full statement	Physical/claim-discipline foundation; keep out of Papers A and B.
prop:no-evidence-zero-certified	proposition	No Evidence Forces Zero Certified Confidence	latex_toc/content/02_formal_foundations.tex:943	IC40	physical	C	full statement	Physical/claim-discipline foundation; keep out of Papers A and B.
cor:exact-no-competence-zero-certified	corollary	Exact-No-Competence Zero-Certified Constraint	latex_toc/content/02_formal_foundations.tex:953	IC41	physical	C	full statement	Physical/claim-discipline foundation; keep out of Papers A and B.
prop:steps-run-scalar	proposition	Scalar Step Witness Is Always Defined and Falsifiable	latex_toc/content/02_formal_foundations.tex:961	IC42,IC43	physical	C	full statement	Physical/claim-discipline foundation; keep out of Papers A and B.
prop:no-fraction-without-bound	proposition	No Completion Fraction Without Declared Bound	latex_toc/content/02_formal_foundations.tex:972	IC44	physical	C	full statement	Physical/claim-discipline foundation; keep out of Papers A and B.
prop:fraction-defined-under-bound	proposition	Completion Fraction Under Explicit Bound	latex_toc/content/02_formal_foundations.tex:980	IC45	physical	C	full statement	Physical/claim-discipline foundation; keep out of Papers A and B.
prop:abstain-guess-self-signal	proposition	Abstain Can Carry Guess and Self-Confidence	latex_toc/content/02_formal_foundations.tex:990	IC46,IC47	physical	C	full statement	Physical/claim-discipline foundation; keep out of Papers A and B.
prop:self-confidence-not-certification	proposition	Self-Reflected Confidence Is Not Certification	latex_toc/content/02_formal_foundations.tex:999	IC47	physical	C	full statement	Physical/claim-discipline foundation; keep out of Papers A and B.
def:declared-budget-slice	definition	Declared Budget Slice	latex_toc/content/02_formal_foundations.tex:1005	CC13	physical	C	full statement	Physical/claim-discipline foundation; keep out of Papers A and B.
prop:bounded-slice-meta-irrelevance	proposition	Bounded-Slice Irrelevance of a Meta-Coordinate	latex_toc/content/02_formal_foundations.tex:1015	CC32,CC33	physical	C	full statement	Physical/claim-discipline foundation; keep out of Papers A and B.
def:goal-class	definition	Goal Class	latex_toc/content/02_formal_foundations.tex:1030	IV1	physical	C	full statement	Physical/claim-discipline foundation; keep out of Papers A and B.
def:interior-pareto-dominance	definition	Interior Pareto Dominance	latex_toc/content/02_formal_foundations.tex:1040	IV2,IV3	physical	C	full statement	Physical/claim-discipline foundation; keep out of Papers A and B.
prop:interior-universal-non-rejection	proposition	Interior Dominance Implies Universal Non-Rejection	latex_toc/content/02_formal_foundations.tex:1052	IV5	physical	C	full statement	Physical/claim-discipline foundation; keep out of Papers A and B.
prop:interior-verification-tractable	proposition	Interior Verification Tractability	latex_toc/content/02_formal_foundations.tex:1060	IV7,IV4	physical	C	full statement	Physical/claim-discipline foundation; keep out of Papers A and B.
prop:interior-one-sidedness	proposition	Interior Dominance Is One-Sided	latex_toc/content/02_formal_foundations.tex:1071	IV6,IV8,IV9	physical	C	full statement	Physical/claim-discipline foundation; keep out of Papers A and B.
cor:interior-singleton-certificate	corollary	Singleton Interior Certificate	latex_toc/content/02_formal_foundations.tex:1078	IV9	physical	C	full statement	Physical/claim-discipline foundation; keep out of Papers A and B.
def:rlff-objective	definition	RLFF Objective (Evidence-Gated Report Reward)	latex_toc/content/02_formal_foundations.tex:1085	IC4,IC28	physical	C	full statement	Physical/claim-discipline foundation; keep out of Papers A and B.
prop:rlff-maximizer-admissible	proposition	RLFF Maximizer Is Admissible	latex_toc/content/02_formal_foundations.tex:1100	IC31,IC32,IC30,IC40	physical	C	full statement	Physical/claim-discipline foundation; keep out of Papers A and B.
cor:rlff-abstain-no-certs	corollary	RLFF Abstain Preference Without Certificates	latex_toc/content/02_formal_foundations.tex:1106	IC30,IC40,IC1,IC3	physical	C	full statement	Physical/claim-discipline foundation; keep out of Papers A and B.
def:certainty-inflation	definition	Certainty Inflation	latex_toc/content/02_formal_foundations.tex:1112	IC1,IC3	physical	C	full statement	Physical/claim-discipline foundation; keep out of Papers A and B.
prop:certainty-inflation-iff-inadmissible	proposition	Certainty Inflation Equals Report Inadmissibility	latex_toc/content/02_formal_foundations.tex:1118	IC8,IC22	physical	C	full statement	Physical/claim-discipline foundation; keep out of Papers A and B.
cor:hardness-exact-certainty-inflation	corollary	Hardness-Blocked Regimes Induce Exact Certainty Inflation	latex_toc/content/02_formal_foundations.tex:1130	CC19	physical	C	full statement	Physical/claim-discipline foundation; keep out of Papers A and B.
def:raw-certified-bits	definition	Raw-vs-Certified Bit Accounting	latex_toc/content/02_formal_foundations.tex:1136		physical	C	full statement	Physical/claim-discipline foundation; keep out of Papers A and B.
prop:raw-certified-bit-split	proposition	Raw/Certified Bit Split	latex_toc/content/02_formal_foundations.tex:1158	CC11,IC11,IC10,IC16,IC15,IC13,IC14,IC18,IC19	physical	C	full statement	Physical/claim-discipline foundation; keep out of Papers A and B.
thm:exact-certified-gap-iff-admissible	theorem	Exact Report: Certified-Bit Gap iff Admissibility	latex_toc/content/02_formal_foundations.tex:1172		physical	C	full statement	Physical/claim-discipline foundation; keep out of Papers A and B.
cor:finite-budget-no-exact-admissibility	corollary	Finite Budget Eventually Blocks Exact Admissibility	latex_toc/content/02_formal_foundations.tex:1188	PBC7,PBC8	physical	C	full statement	Physical/claim-discipline foundation; keep out of Papers A and B.
cor:hardness-raw-only-exact	corollary	Hardness-Blocked Exact Reports Are Raw-Only	latex_toc/content/02_formal_foundations.tex:1201	CC21,IC23	physical	C	full statement	Physical/claim-discipline foundation; keep out of Papers A and B.
cor:no-uncertified-exact-claim	corollary	No Uncertified Exact-Exhaustion Claim	latex_toc/content/02_formal_foundations.tex:1211	CC41	physical	C	full statement	Physical/claim-discipline foundation; keep out of Papers A and B.
prop:declared-contract-selection-validity	proposition	Declared-Contract Separation: Selection vs. Validity	latex_toc/content/02_formal_foundations.tex:1217	CC75,CC22,CC39	physical	C	full statement	Physical/claim-discipline foundation; keep out of Papers A and B.
def:exact-claim-excuses	definition	Exact-Claim Excuse Carve-Outs	latex_toc/content/02_formal_foundations.tex:1236		physical	C	full statement	Physical/claim-discipline foundation; keep out of Papers A and B.
def:explicit-hardness-profile	definition	Explicit Hardness-Assumption Profile	latex_toc/content/02_formal_foundations.tex:1246		physical	C	full statement	Physical/claim-discipline foundation; keep out of Papers A and B.
def:exact-claim-welltyped	definition	Well-Typed Exact Physical Claim Policy	latex_toc/content/02_formal_foundations.tex:1254	CC22	physical	C	full statement	Physical/claim-discipline foundation; keep out of Papers A and B.
prop:outside-excuses-explicit-assumptions	proposition	Outside Carve-Outs, Explicit Assumptions Are Required	latex_toc/content/02_formal_foundations.tex:1262	CC22	physical	C	full statement	Physical/claim-discipline foundation; keep out of Papers A and B.
thm:claim-integrity-meta	theorem	Claim-Integrity Meta-Theorem	latex_toc/content/02_formal_foundations.tex:1267	CC22	physical	C	full statement	Physical/claim-discipline foundation; keep out of Papers A and B.
cor:outside-excuses-no-exact-report	corollary	Outside Carve-Outs, Declared Hardness Blocks Exact Reports	latex_toc/content/02_formal_foundations.tex:1285	CC39,IC18,IC25	physical	C	full statement	Physical/claim-discipline foundation; keep out of Papers A and B.
prop:integrity-competence-separation	proposition	Integrity--Competence Separation	latex_toc/content/02_formal_foundations.tex:1291	IC18,IC25	physical	C	full statement	Physical/claim-discipline foundation; keep out of Papers A and B.
def:attempted-competence-failure	definition	Attempted Competence Failure	latex_toc/content/02_formal_foundations.tex:1301		physical	C	full statement	Physical/claim-discipline foundation; keep out of Papers A and B.
prop:attempted-competence-matrix	proposition	Attempted-Competence Rationality Matrix	latex_toc/content/02_formal_foundations.tex:1310	IC27,IC7,IC6	physical	C	full statement	Physical/claim-discipline foundation; keep out of Papers A and B.
prop:integrity-resource-bound	proposition	Integrity-Resource Bound	latex_toc/content/02_formal_foundations.tex:1330	IC27,IC7,IC6,IC26,IC24,CC30	physical	C	full statement	Physical/claim-discipline foundation; keep out of Papers A and B.
prop:physics-no-universal-exact	proposition	Declared-Physics No-Universal-Exact-Certifier Schema	latex_toc/content/02_formal_foundations.tex:1344	CC15	physical	C	full statement	Physical/claim-discipline foundation; keep out of Papers A and B.
cor:physics-no-universal-exact-claim	corollary	No Universal Exact-Claim Admissibility in Hardness-Blocked Classes	latex_toc/content/02_formal_foundations.tex:1353	CC38	physical	C	full statement	Physical/claim-discipline foundation; keep out of Papers A and B.
thm:counting-gap	theorem	Counting Gap Theorem	latex_toc/content/02a_physical_grounding.tex:23	BA10	physical	C	full statement	Physical/engineering item; keep out of Papers A and B.
cor:forced-finite-speed	corollary	Forced Finiteness of Propagation Speed	latex_toc/content/02a_physical_grounding.tex:38	BA10	physical	C	full statement	Physical/engineering item; keep out of Papers A and B.
sec:bounded-acquisition	remark	Scope	latex_toc/content/02a_physical_grounding.tex:74	BA10,WC2,WC3,WM1,WM3,WM4,WR2,WR3,WR6	physical	C	shortened recap	Physical/engineering item; keep out of Papers A and B.
prop:bounded-region	proposition	Bounded Region	latex_toc/content/02a_physical_grounding.tex:83	BA1	physical	C	full statement	Physical/engineering item; keep out of Papers A and B.
thm:bounded-acquisition	theorem	Bounded Acquisition Rate	latex_toc/content/02a_physical_grounding.tex:96	BA2	physical	C	full statement	Physical/engineering item; keep out of Papers A and B.
thm:discrete-acquisition	theorem	Discrete Acquisition	latex_toc/content/02a_physical_grounding.tex:109	BA3	physical	C	full statement	Physical/engineering item; keep out of Papers A and B.
thm:boolean-primitive	theorem	Boolean Encoding is Physically Primitive	latex_toc/content/02a_physical_grounding.tex:125	BA4	physical	C	full statement	Physical/engineering item; keep out of Papers A and B.
cor:finite-state	corollary	Finite Accessible State Space	latex_toc/content/02a_physical_grounding.tex:138	BA4,BA2	physical	C	full statement	Physical/engineering item; keep out of Papers A and B.
thm:resolution-sufficient	theorem	Resolution Requires a Sufficient Coordinate Set	latex_toc/content/02a_physical_grounding.tex:150	BA5	physical	C	full statement	Physical/engineering item; keep out of Papers A and B.
thm:srank-physical	theorem	Structural Rank = Minimum Bit Operations	latex_toc/content/02a_physical_grounding.tex:165	BA5	physical	C	full statement	Physical/engineering item; keep out of Papers A and B.
thm:thermo-derived	theorem	Thermodynamic Cost Derived from SR, QM, TD	latex_toc/content/02a_physical_grounding.tex:193		physical	C	full statement	Physical/engineering item; keep out of Papers A and B.
cor:ground-state	corollary	srank $= 1$ is the Energy Ground State	latex_toc/content/02a_physical_grounding.tex:266	BA8	physical	C	full statement	Physical/engineering item; keep out of Papers A and B.
def:invariant-set	definition	Shared Invariant Set	latex_toc/content/02a_physical_grounding.tex:316	IA0	physical	C	full statement	Physical/engineering item; keep out of Papers A and B.
thm:universe-membership	theorem	Universe Membership is Defined by Invariant Agreement	latex_toc/content/02a_physical_grounding.tex:327	IA0,IA15,IA16	physical	C	full statement	Physical/engineering item; keep out of Papers A and B.
cor:ego-trap	corollary	The Ego Trap	latex_toc/content/02a_physical_grounding.tex:359	IA2,IA5,IA9,IA13,IA17,IA18	physical	C	full statement	Physical/engineering item; keep out of Papers A and B.
def:stochastic-decision-problem	definition	Stochastic Decision Problem	latex_toc/content/02b_stochastic.tex:7		physical	C	full statement	Physical/engineering item; keep out of Papers A and B.
def:stochastic-sufficient	definition	Distribution-Conditional Sufficiency	latex_toc/content/02b_stochastic.tex:18		physical	C	full statement	Physical/engineering item; keep out of Papers A and B.
def:expected-value-sufficient	definition	Expected-Value Sufficiency (Alternative)	latex_toc/content/02b_stochastic.tex:29		physical	C	full statement	Physical/engineering item; keep out of Papers A and B.
th:stochastic-sufficiency-pp	theorem	STOCHASTIC-SUFFICIENCY-CHECK is \PP-complete	latex_toc/content/02b_stochastic.tex:53	DC9,DC14,DC15,DC19	physical	C	full statement	Physical/engineering item; keep out of Papers A and B.
UNLABELED:02b_stochastic:131	definition	Potential Grounding	latex_toc/content/02b_stochastic.tex:131	DC30,DC32	physical	C	full statement	Physical/engineering item; keep out of Papers A and B.
def:sequential-decision-problem	definition	Sequential Decision Problem	latex_toc/content/02c_sequential.tex:7		physical	C	full statement	Physical/engineering item; keep out of Papers A and B.
def:sequential-sufficient	definition	Sequential Sufficiency	latex_toc/content/02c_sequential.tex:24		physical	C	full statement	Physical/engineering item; keep out of Papers A and B.
th:sequential-sufficiency-pspace	theorem	SEQUENTIAL-SUFFICIENCY-CHECK is \PSPACE-complete	latex_toc/content/02c_sequential.tex:46	DC23	physical	C	full statement	Physical/engineering item; keep out of Papers A and B.
thm:dichotomy	theorem	Explicit--Succinct Regime Separation	latex_toc/content/03_complexity_dichotomy.tex:13	CC16,CC23,CC24	A-only	A	full statement	Complexity/query-access backbone for Paper A.
UNLABELED:03_complexity_dichotomy:36	corollary	Regime Separation (by Encoding)	latex_toc/content/03_complexity_dichotomy.tex:36		A-only	A	full statement	Complexity/query-access backbone for Paper A.
prop:query-regime-obstruction	proposition	Finite-State Query Lower-Bound Core via Empty-Set Subproblem	latex_toc/content/03_complexity_dichotomy.tex:45	CC50	A-only	A	full statement	Complexity/query-access backbone for Paper A.
prop:checking-witnessing-duality	proposition	Checking--Witnessing Duality on the Empty-Set Core	latex_toc/content/03_complexity_dichotomy.tex:62		A-only	A	full statement	Complexity/query-access backbone for Paper A.
cor:information-barrier-query	corollary	Information Barrier in Query Regimes	latex_toc/content/03_complexity_dichotomy.tex:77	CC27,CC29,CC28	A-only	A	full statement	Complexity/query-access backbone for Paper A.
cor:query-obstruction-bool	corollary	Boolean-Coordinate Instantiation	latex_toc/content/03_complexity_dichotomy.tex:90	CC49,CC50,CC29	A-only	A	full statement	Complexity/query-access backbone for Paper A.
prop:query-value-entry-lb	proposition	Value-Entry Query Lower Bound	latex_toc/content/03_complexity_dichotomy.tex:96	CC29,CC50,CC58	A-only	A	full statement	Complexity/query-access backbone for Paper A.
prop:query-subproblem-transfer	proposition	Subproblem-to-Full Transfer Rule	latex_toc/content/03_complexity_dichotomy.tex:105	CC58,CC59,CC52	A-only	A	full statement	Complexity/query-access backbone for Paper A.
prop:query-randomized-robustness	proposition	Randomized Robustness (Seedwise)	latex_toc/content/03_complexity_dichotomy.tex:114	CC50	A-only	A	full statement	Complexity/query-access backbone for Paper A.
prop:query-randomized-weighted	proposition	Randomized Robustness (Weighted Form)	latex_toc/content/03_complexity_dichotomy.tex:121	CC50,CC28	A-only	A	full statement	Complexity/query-access backbone for Paper A.
prop:query-state-batch-lb	proposition	State-Batch Query Lower Bound	latex_toc/content/03_complexity_dichotomy.tex:128	CC28,CC50	A-only	A	full statement	Complexity/query-access backbone for Paper A.
prop:query-finite-state-generalization	proposition	Finite-State Empty-Subproblem Generalization	latex_toc/content/03_complexity_dichotomy.tex:133	CC50	A-only	A	full statement	Complexity/query-access backbone for Paper A.
prop:query-tightness-full-scan	proposition	Adversary-Family Tightness by Full Scan	latex_toc/content/03_complexity_dichotomy.tex:139	CC50	A-only	A	full statement	Complexity/query-access backbone for Paper A.
prop:query-weighted-transfer	proposition	Weighted Query-Cost Transfer	latex_toc/content/03_complexity_dichotomy.tex:145	CC50	A-only	A	full statement	Complexity/query-access backbone for Paper A.
prop:oracle-lattice-transfer	proposition	Oracle-Lattice Transfer: Batch $\Rightarrow$ Entry	latex_toc/content/03_complexity_dichotomy.tex:155	CC43,CC52,CC27,CC29	A-only	A	full statement	Complexity/query-access backbone for Paper A.
prop:oracle-lattice-strict	proposition	Oracle-Lattice Strictness: Opt vs Value Entries	latex_toc/content/03_complexity_dichotomy.tex:162	CC27,CC29	A-only	A	full statement	Complexity/query-access backbone for Paper A.
UNLABELED:03_complexity_dichotomy:167	remark	Instantiation of Definitions~\ref{def:structural-complexity} and~\ref{def:representational-hardness}	latex_toc/content/03_complexity_dichotomy.tex:167		A-only	A	shortened recap	Complexity/query-access backbone for Paper A.
prop:budgeted-crossover	proposition	Budgeted Crossover Witness	latex_toc/content/03_complexity_dichotomy.tex:184	CT6,CT8,CT4,CC45,PBC1,CC2	physical	C	full statement	Physical/regime/energy/integrity narrative moved to Paper C.
prop:crossover-above-cap	proposition	Above-Cap Crossover Existence	latex_toc/content/03_complexity_dichotomy.tex:195	CC44,PBC2	physical	C	full statement	Physical/regime/energy/integrity narrative moved to Paper C.
prop:crossover-not-certification	proposition	Crossover Does Not Imply Exact-Certification Competence	latex_toc/content/03_complexity_dichotomy.tex:211	CC46,CC3,PH11,PH12,PH13,PH14,PH15,PH16,PH17,PH18,PH19,PH20,PH21,PH22,PH26,PH27,PH31,PH32,PH33	physical	C	full statement	Physical/regime/energy/integrity narrative moved to Paper C.
prop:crossover-policy	proposition	Crossover Policy Closure Under Integrity	latex_toc/content/03_complexity_dichotomy.tex:223	PH11,PH12,PH13,PH14,PH15,PH16,PH17,PH18,PH19,PH20,PH21,PH22,PH26,PH27,PH31,PH32,PH33,CC47	physical	C	full statement	Physical/regime/energy/integrity narrative moved to Paper C.
cor:finite-budget-threshold-impossibility	corollary	Finite Budget Implies Eventual Exact-Certification Failure	latex_toc/content/03_complexity_dichotomy.tex:236	PBC7,PBC8,PBC5	physical	C	full statement	Physical/regime/energy/integrity narrative moved to Paper C.
prop:least-divergence-point	proposition	Least Divergence Point at Fixed Budget	latex_toc/content/03_complexity_dichotomy.tex:244	PBC5,PBC7	physical	C	full statement	Physical/regime/energy/integrity narrative moved to Paper C.
prop:eventual-explicit-infeasibility	proposition	Eventual Explicit Infeasibility from Monotone Growth	latex_toc/content/03_complexity_dichotomy.tex:250	PBC7,PBC9,PBC8	physical	C	full statement	Physical/regime/energy/integrity narrative moved to Paper C.
prop:payoff-threshold	proposition	Payoff Threshold as Eventual Split	latex_toc/content/03_complexity_dichotomy.tex:256	PBC9,PBC8,PBC10	physical	C	full statement	Physical/regime/energy/integrity narrative moved to Paper C.
cor:no-universal-survivor-no-succinct-bound	corollary	No Universal Survivor Without Succinct Bound	latex_toc/content/03_complexity_dichotomy.tex:262	PBC10,PBC11,PBC12	physical	C	full statement	Physical/regime/energy/integrity narrative moved to Paper C.
prop:policy-closure-beyond-divergence	proposition	Policy Closure at and Beyond Divergence	latex_toc/content/03_complexity_dichotomy.tex:268	PBC11,PBC12	physical	C	full statement	Physical/regime/energy/integrity narrative moved to Paper C.
prop:thermo-lift	proposition	Bit-to-Energy/Carbon Lift	latex_toc/content/03_complexity_dichotomy.tex:283	CC65,CC66	physical	C	full statement	Physical/regime/energy/integrity narrative moved to Paper C.
prop:thermo-hardness-bundle	proposition	Hardness--Thermodynamics Bundle	latex_toc/content/03_complexity_dichotomy.tex:294	CC67	physical	C	full statement	Physical/regime/energy/integrity narrative moved to Paper C.
prop:thermo-mandatory-cost	proposition	Mandatory Physical Cost	latex_toc/content/03_complexity_dichotomy.tex:300	CC68	physical	C	full statement	Physical/regime/energy/integrity narrative moved to Paper C.
prop:thermo-conservation-additive	proposition	Conserved Additive Accounting	latex_toc/content/03_complexity_dichotomy.tex:314	CC64	physical	C	full statement	Physical/regime/energy/integrity narrative moved to Paper C.
cor:neukart-vinokur	corollary	Neukart--Vinokur Thermodynamic Duality	latex_toc/content/03_complexity_dichotomy.tex:324	CC65,CC50	physical	C	full statement	Physical/regime/energy/integrity narrative moved to Paper C.
prop:discrete-state-time	proposition	Discrete State Implies Discrete Effective Time	latex_toc/content/03_complexity_dichotomy.tex:342	DS1,DS2	physical	C	full statement	Physical/regime/energy/integrity narrative moved to Paper C.
prop:lorentz-discrete	proposition	Lorentz Invariance Forces Compatible Discreteness	latex_toc/content/03_complexity_dichotomy.tex:352	DS3,DS4	physical	C	full statement	Physical/regime/energy/integrity narrative moved to Paper C.
prop:comp-thermo-chain	proposition	Computational-Thermodynamic Chain	latex_toc/content/03_complexity_dichotomy.tex:364	DS5,DS6	physical	C	full statement	Physical/regime/energy/integrity narrative moved to Paper C.
def:decision-event	definition	Decision Event	latex_toc/content/03_complexity_dichotomy.tex:425	MN5,MN7,MN8,MN9	physical	C	full statement	Physical/regime/energy/integrity narrative moved to Paper C.
prop:decision-equivalence	proposition	Decision--Transition--Thermodynamic Equivalence	latex_toc/content/03_complexity_dichotomy.tex:429	DE1,DE2,DE3,DE4	physical	C	full statement	Physical/regime/energy/integrity narrative moved to Paper C.
thm:cycle-cost	theorem	Cycle Cost Lower Bound	latex_toc/content/03_complexity_dichotomy.tex:448	CC1,CC2,CC3	physical	C	full statement	Physical/regime/energy/integrity narrative moved to Paper C.
cor:no-free-computation	corollary	No Free Computation	latex_toc/content/03_complexity_dichotomy.tex:463	CC5,CC7,CC8,CC11,CC12	physical	C	full statement	Physical/regime/energy/integrity narrative moved to Paper C.
def:integrity-competence	remark	(untitled)	latex_toc/content/03_complexity_dichotomy.tex:469	CC11,CC12	physical	C	shortened recap	Physical/regime/energy/integrity narrative moved to Paper C.
def:integrity-competence	definition	Integrity and Competence	latex_toc/content/03_complexity_dichotomy.tex:474	SR1,SR2,SR3	physical	C	full statement	Physical/regime/energy/integrity narrative moved to Paper C.
prop:structural-asymmetry	proposition	Structural Asymmetry	latex_toc/content/03_complexity_dichotomy.tex:482	SR1,SR2,SR3	physical	C	full statement	Physical/regime/energy/integrity narrative moved to Paper C.
cor:import-asymmetry	corollary	Competence Is Importable; Integrity Is Not	latex_toc/content/03_complexity_dichotomy.tex:494	SR4,SR5	physical	C	full statement	Physical/regime/energy/integrity narrative moved to Paper C.
def:gap-energy	remark	(untitled)	latex_toc/content/03_complexity_dichotomy.tex:500	GE1,GE2	physical	C	shortened recap	Physical/regime/energy/integrity narrative moved to Paper C.
def:gap-energy	definition	Gap Energy	latex_toc/content/03_complexity_dichotomy.tex:504	GE1,GE2,GE3,GE7	physical	C	full statement	Physical/regime/energy/integrity narrative moved to Paper C.
thm:choice-pays	theorem	Every Choice Pays Gap Energy	latex_toc/content/03_complexity_dichotomy.tex:510	GE3,GE7	physical	C	full statement	Physical/regime/energy/integrity narrative moved to Paper C.
cor:zero-gap	corollary	Zero Gap Implies Determinism	latex_toc/content/03_complexity_dichotomy.tex:520	GE4,GE5	physical	C	full statement	Physical/regime/energy/integrity narrative moved to Paper C.
def:dq-from-gap	definition	Decision-Quotient Ratio from Gap	latex_toc/content/03_complexity_dichotomy.tex:526	DQ1,DQ2,DQ3	physical	C	full statement	Physical/regime/energy/integrity narrative moved to Paper C.
thm:dq-physical	theorem	Decision-Quotient Ratio as Physical Primitive	latex_toc/content/03_complexity_dichotomy.tex:537	DQ4,DQ5,DQ6,DQ3,DQ1,DQ2	physical	C	full statement	Physical/regime/energy/integrity narrative moved to Paper C.
thm:bayes-from-dq	theorem	Bayes Uniquely Forced by DQ Axioms	latex_toc/content/03_complexity_dichotomy.tex:549	BB3,BB4,BB5,FN14	physical	C	full statement	Physical/regime/energy/integrity narrative moved to Paper C.
cor:thermo-dq	corollary	Thermodynamic Decision-Quotient Ratio	latex_toc/content/03_complexity_dichotomy.tex:578	DQ7,DQ8,IE1,IE6	physical	C	full statement	Physical/regime/energy/integrity narrative moved to Paper C.
prop:landauer-constraint	proposition	Landauer Constraint on Strategy	latex_toc/content/03_complexity_dichotomy.tex:584	IE1,IE6	physical	C	full statement	Physical/regime/energy/integrity narrative moved to Paper C.
cor:theorem-equilibrium	corollary	Theorem Count Shifts Equilibrium	latex_toc/content/03_complexity_dichotomy.tex:594	IE3,IE4,IE5	physical	C	full statement	Physical/regime/energy/integrity narrative moved to Paper C.
prop:temporal-equilibrium	proposition	Temporal Integrity Equilibrium	latex_toc/content/03_complexity_dichotomy.tex:633	IE7,IE8,IE9,IE10,IE11	physical	C	full statement	Physical/regime/energy/integrity narrative moved to Paper C.
cor:phase-transition	corollary	Publication Phase Transition	latex_toc/content/03_complexity_dichotomy.tex:647	IE12,IE13,IE14,IE15,IE16	physical	C	full statement	Physical/regime/energy/integrity narrative moved to Paper C.
prop:integrity-prerequisite	proposition	Integrity Prerequisite for Coherence	latex_toc/content/03_complexity_dichotomy.tex:657	IE14,IE15,IE16,IE17	physical	C	full statement	Physical/regime/energy/integrity narrative moved to Paper C.
def:environmental-stability	definition	Environmental Stability	latex_toc/content/03_complexity_dichotomy.tex:672	MI1,MI2	physical	C	full statement	Physical/regime/energy/integrity narrative moved to Paper C.
prop:reaction-competence	proposition	Reaction Competence Requirement	latex_toc/content/03_complexity_dichotomy.tex:682	MI3,MI4,MI5	physical	C	full statement	Physical/regime/energy/integrity narrative moved to Paper C.
def:atomic-config	definition	Atomic Configuration	latex_toc/content/03_complexity_dichotomy.tex:701	AC1,AC5	physical	C	full statement	Physical/regime/energy/integrity narrative moved to Paper C.
thm:orbital-transition	theorem	Orbital Transition Is State Transition	latex_toc/content/03_complexity_dichotomy.tex:707	AC1,AC5,AC6	physical	C	full statement	Physical/regime/energy/integrity narrative moved to Paper C.
cor:ground-state-passive	corollary	Ground-State Atoms Are Passive	latex_toc/content/03_complexity_dichotomy.tex:713	AC6,AC3,AC4	physical	C	full statement	Physical/regime/energy/integrity narrative moved to Paper C.
thm:orbital-cost	theorem	Orbital Transition Cost	latex_toc/content/03_complexity_dichotomy.tex:719	AC3,AC4,AC8	physical	C	full statement	Physical/regime/energy/integrity narrative moved to Paper C.
prop:orbital-symmetry	proposition	Symmetry Tractability	latex_toc/content/03_complexity_dichotomy.tex:725	AC8,AC9,AC11	physical	C	full statement	Physical/regime/energy/integrity narrative moved to Paper C.
def:active-matter-system	definition	Active Matter as State-Transition System	latex_toc/content/03_complexity_dichotomy.tex:731	AC9,AC11	physical	C	full statement	Physical/regime/energy/integrity narrative moved to Paper C.
sec:self-erosion	remark	(untitled)	latex_toc/content/03_complexity_dichotomy.tex:737	SE1,SE2,SE3,SE4	physical	C	shortened recap	Physical/regime/energy/integrity narrative moved to Paper C.
thm:substrate-degradation	theorem	Substrate Degradation	latex_toc/content/03_complexity_dichotomy.tex:745	SE1,SE2,SE3,SE4,SE5	physical	C	full statement	Physical/regime/energy/integrity narrative moved to Paper C.
cor:finite-lifetime	corollary	Finite Computational Lifetime	latex_toc/content/03_complexity_dichotomy.tex:751	SE5,SE6	physical	C	full statement	Physical/regime/energy/integrity narrative moved to Paper C.
cor:speed-integrity	corollary	Speed-Integrity Tradeoff	latex_toc/content/03_complexity_dichotomy.tex:757	SE6	physical	C	full statement	Physical/regime/energy/integrity narrative moved to Paper C.
sec:regime-channel	remark	(untitled)	latex_toc/content/03_complexity_dichotomy.tex:763	CH1	physical	C	shortened recap	Physical/regime/energy/integrity narrative moved to Paper C.
def:regime-channel	definition	Regime-Channel Equivalence	latex_toc/content/03_complexity_dichotomy.tex:771	CH1,CH5	physical	C	full statement	Physical/regime/energy/integrity narrative moved to Paper C.
thm:competence-capacity	theorem	Competence Is Channel Capacity	latex_toc/content/03_complexity_dichotomy.tex:777	CH1,CH5,CH2,CH6	physical	C	full statement	Physical/regime/energy/integrity narrative moved to Paper C.
cor:channel-degradation	corollary	Channel Capacity Degradation	latex_toc/content/03_complexity_dichotomy.tex:783	CH2,CH6,CH3	physical	C	full statement	Physical/regime/energy/integrity narrative moved to Paper C.
cor:zero-capacity	corollary	Zero Capacity Halts Decisions	latex_toc/content/03_complexity_dichotomy.tex:789	CH3	physical	C	full statement	Physical/regime/energy/integrity narrative moved to Paper C.
sec:resource-flow	remark	(untitled)	latex_toc/content/03_complexity_dichotomy.tex:795	IV1,IV2,IV3	physical	C	shortened recap	Physical/regime/energy/integrity narrative moved to Paper C.
thm:growth-time	theorem	Growth Requires Time	latex_toc/content/03_complexity_dichotomy.tex:803	IV1,IV2,IV3,IV4	physical	C	full statement	Physical/regime/energy/integrity narrative moved to Paper C.
thm:conservation	theorem	Conservation	latex_toc/content/03_complexity_dichotomy.tex:809	IV4,IV5	physical	C	full statement	Physical/regime/energy/integrity narrative moved to Paper C.
def:deficit-transfer	definition	Deficit Transfer	latex_toc/content/03_complexity_dichotomy.tex:815	IV5,IV6	physical	C	full statement	Physical/regime/energy/integrity narrative moved to Paper C.
thm:deficit-source	theorem	Deficit Transfer Requires Source	latex_toc/content/03_complexity_dichotomy.tex:821	IV5,IV6	physical	C	full statement	Physical/regime/energy/integrity narrative moved to Paper C.
def:system-information	definition	System Information	latex_toc/content/03_complexity_dichotomy.tex:833	IA1,IA2	physical	C	full statement	Physical/regime/energy/integrity narrative moved to Paper C.
def:observer-channel	definition	Observer Channel	latex_toc/content/03_complexity_dichotomy.tex:839	IA2,IA3	physical	C	full statement	Physical/regime/energy/integrity narrative moved to Paper C.
thm:information-gap	theorem	Information Gap	latex_toc/content/03_complexity_dichotomy.tex:845	IA3,IA4	physical	C	full statement	Physical/regime/energy/integrity narrative moved to Paper C.
thm:gap-physical	theorem	Gap Is Physical, Not Logical	latex_toc/content/03_complexity_dichotomy.tex:851	IA4,IA5,IA6	physical	C	full statement	Physical/regime/energy/integrity narrative moved to Paper C.
thm:competence-access	theorem	Competence Bounded by Access	latex_toc/content/03_complexity_dichotomy.tex:857	IA5,IA6	physical	C	full statement	Physical/regime/energy/integrity narrative moved to Paper C.
def:complexity-classes	definition	Complexity Classes	latex_toc/content/03_complexity_dichotomy.tex:867	DC1,DC15,CC70,CC71	A-only	A	full statement	Late complexity-class closure belongs in Paper A.
thm:six-subcases	theorem	Six Tractable Subcases Are Complexity Classes	latex_toc/content/03_complexity_dichotomy.tex:873	CC70,CC71,CC72,CC73,DC13	A-only	A	full statement	Late complexity-class closure belongs in Paper A.
thm:topology-motion	theorem	Topology and Motion	latex_toc/content/03_complexity_dichotomy.tex:887	CC16,CC24,DC3,DC13	A-only	A	full statement	Late complexity-class closure belongs in Paper A.
thm:complexity-dichotomy	theorem	Complexity Dichotomy	latex_toc/content/03_complexity_dichotomy.tex:893	DC3,DC13	A-only	A	full statement	Late complexity-class closure belongs in Paper A.
def:substrate-cost	definition	Substrate Cost Function	latex_toc/content/03b_substrate_cost.tex:7		physical	C	full statement	Physical/engineering item; keep out of Papers A and B.
def:temporal-integrity	definition	Temporal Integrity	latex_toc/content/03d_temporal_integrity.tex:7		physical	C	full statement	Physical/engineering item; keep out of Papers A and B.
thm:tractable	theorem	Tractable Subcases	latex_toc/content/04_tractable_special_cases.tex:13		A-only	A	full statement	Core tractability material for Paper A.
prop:heuristic-reusability	proposition	Heuristic Reusability	latex_toc/content/04_tractable_special_cases.tex:91	CC53,CC7,CC55,CC74	A-only	A	full statement	Core tractability material for Paper A.
UNLABELED:04_tractable_special_cases:101	remark	Heuristics and Integrity	latex_toc/content/04_tractable_special_cases.tex:101		A-only	A	shortened recap	Core tractability material for Paper A.
UNLABELED:05_mathematical_justification_of_engineering_practice:33	remark	Regime Contract for Engineering Corollaries	latex_toc/content/05_mathematical_justification_of_engineering_practice.tex:33	S2P1	physical	C	shortened recap	Engineering-corollary file; only move to A if rewritten into fully non-physical consequences.
thm:config-reduction	theorem	C1--C4: Configuration Simplification Reduces to SUFFICIENCY-CHECK	latex_toc/content/05_mathematical_justification_of_engineering_practice.tex:50	CR1	physical	C	full statement	Engineering corollary owned by Paper C; cite Paper A for the underlying complexity backbone rather than re-proving it.
UNLABELED:05_mathematical_justification_of_engineering_practice:86	remark	Reduction Scope	latex_toc/content/05_mathematical_justification_of_engineering_practice.tex:86		physical	C	shortened recap	Engineering-corollary file; only move to A if rewritten into fully non-physical consequences.
thm:overmodel-diagnostic	theorem	S: Over-Modeling as Boundary-Signal Corollary	latex_toc/content/05_mathematical_justification_of_engineering_practice.tex:96	CC40,CC6	physical	C	full statement	Engineering corollary owned by Paper C; cite Paper A for the underlying complexity backbone rather than re-proving it.
thm:cost-asymmetry-eth	theorem	S+ETH: Cost-Asymmetry Consequence	latex_toc/content/05_mathematical_justification_of_engineering_practice.tex:115		physical	C	cite only	Engineering corollary owned by Paper C; cite Paper A for the underlying complexity backbone rather than re-proving it.
cor:no-auto-minimize	corollary	Impossibility of Automated Configuration Minimization	latex_toc/content/05_mathematical_justification_of_engineering_practice.tex:164	CC37	physical	C	cite only	Engineering corollary owned by Paper C; cite Paper A for the underlying complexity backbone rather than re-proving it.
UNLABELED:05_mathematical_justification_of_engineering_practice:180	remark	(untitled)	latex_toc/content/05_mathematical_justification_of_engineering_practice.tex:180		physical	C	shortened recap	Engineering-corollary file; only move to A if rewritten into fully non-physical consequences.
UNLABELED:05_mathematical_justification_of_engineering_practice:184	remark	FPT Scope Caveat	latex_toc/content/05_mathematical_justification_of_engineering_practice.tex:184		physical	C	shortened recap	Engineering-corollary file; only move to A if rewritten into fully non-physical consequences.
cor:overmodel-diagnostic-implication	corollary	Persistent Over-Specification	latex_toc/content/06_implications_for_software_architecture.tex:18	S2P6,S2P3	physical	C	full statement	Physical/engineering item; keep out of Papers A and B.
cor:exact-identifiability	corollary	Exact Relevance Identifiability Criterion	latex_toc/content/06_implications_for_software_architecture.tex:28	S2P1	physical	C	full statement	Physical/engineering item; keep out of Papers A and B.
rem:overmodel-conditional	remark	Over-Specification Is Regime-Conditional, Not Default	latex_toc/content/06_implications_for_software_architecture.tex:46	IC18,IC25,IC7,CC81,CC82,CC84,CC71,CC73,CC72	physical	C	shortened recap	Physical/engineering item; keep out of Papers A and B.
prop:adq-ordering	definition	Architectural Decision Quotient	latex_toc/content/06_implications_for_software_architecture.tex:63	CC2	physical	C	full statement	Physical/engineering item; keep out of Papers A and B.
prop:adq-ordering	proposition	ADQ Ordering	latex_toc/content/06_implications_for_software_architecture.tex:70	CC2	physical	C	full statement	Physical/engineering item; keep out of Papers A and B.
cor:practice-diagnostic	corollary	Cardinality Criterion for Exact Minimization	latex_toc/content/06_implications_for_software_architecture.tex:81	S2P2	physical	C	full statement	Physical/engineering item; keep out of Papers A and B.
cor:practice-bounded	corollary	Bounded-Regime Tractability	latex_toc/content/06_implications_for_software_architecture.tex:91	CC81	physical	C	full statement	Physical/engineering item; keep out of Papers A and B.
cor:practice-structured	corollary	Separable-Utility Tractability	latex_toc/content/06_implications_for_software_architecture.tex:101	CC82	physical	C	full statement	Physical/engineering item; keep out of Papers A and B.
cor:practice-tree	corollary	Tree-Structured Tractability	latex_toc/content/06_implications_for_software_architecture.tex:111	CC84	physical	C	full statement	Physical/engineering item; keep out of Papers A and B.
cor:practice-tensor	corollary	Low-Tensor-Rank Tractability	latex_toc/content/06_implications_for_software_architecture.tex:121	CC71	physical	C	full statement	Physical/engineering item; keep out of Papers A and B.
cor:practice-treewidth	corollary	Bounded-Treewidth Tractability	latex_toc/content/06_implications_for_software_architecture.tex:131	CC73,CC75	physical	C	full statement	Physical/engineering item; keep out of Papers A and B.
cor:practice-symmetry	corollary	Coordinate-Symmetry Tractability	latex_toc/content/06_implications_for_software_architecture.tex:141	CC72	physical	C	full statement	Physical/engineering item; keep out of Papers A and B.
cor:practice-unstructured	corollary	Mechanized Hard Family	latex_toc/content/06_implications_for_software_architecture.tex:151	CC26	physical	C	full statement	Physical/engineering item; keep out of Papers A and B.
def:hardness-distribution	definition	Hardness Distribution	latex_toc/content/06_implications_for_software_architecture.tex:162		physical	C	full statement	Physical/engineering item; keep out of Papers A and B.
prop:hardness-conservation	proposition	Baseline Lower-Bound Principle	latex_toc/content/06_implications_for_software_architecture.tex:172	HD23,HD25	physical	C	full statement	Physical/engineering item; keep out of Papers A and B.
def:hardness-efficiency	definition	Hardness Efficiency	latex_toc/content/06_implications_for_software_architecture.tex:186	HD11	physical	C	full statement	Physical/engineering item; keep out of Papers A and B.
prop:hardness-efficiency-interpretation	proposition	Efficiency Equivalence	latex_toc/content/06_implications_for_software_architecture.tex:192	HD11	physical	C	full statement	Physical/engineering item; keep out of Papers A and B.
def:right-wrong-placement	definition	Right vs Wrong Hardness Placement	latex_toc/content/06_implications_for_software_architecture.tex:202	HD12,HD13	physical	C	full statement	Physical/engineering item; keep out of Papers A and B.
thm:centralization-dominance	theorem	Centralization Dominance	latex_toc/content/06_implications_for_software_architecture.tex:212		physical	C	full statement	Physical/engineering item; keep out of Papers A and B.
cor:right-wrong-hardness	corollary	Right-Place vs Wrong-Place Hardness	latex_toc/content/06_implications_for_software_architecture.tex:239	HD19	physical	C	full statement	Physical/engineering item; keep out of Papers A and B.
prop:dominance-modes	proposition	Dominance Modes	latex_toc/content/06_implications_for_software_architecture.tex:254	HD3	physical	C	full statement	Physical/engineering item; keep out of Papers A and B.
cor:type-system-threshold	corollary	Type-System Threshold	latex_toc/content/06_implications_for_software_architecture.tex:283	HD15	physical	C	full statement	Physical/engineering item; keep out of Papers A and B.
def:generalized-site-accumulation	definition	Generalized Site Accumulation	latex_toc/content/06_implications_for_software_architecture.tex:299		physical	C	full statement	Physical/engineering item; keep out of Papers A and B.
def:eventual-saturation	definition	Eventual Saturation	latex_toc/content/06_implications_for_software_architecture.tex:306		physical	C	full statement	Physical/engineering item; keep out of Papers A and B.
thm:generalized-dominance	theorem	Generalized Dominance by Growth Separation	latex_toc/content/06_implications_for_software_architecture.tex:310		physical	C	full statement	Physical/engineering item; keep out of Papers A and B.
cor:generalized-eventual-dominance	corollary	Eventual Generalized Dominance	latex_toc/content/06_implications_for_software_architecture.tex:339	HD10	physical	C	full statement	Physical/engineering item; keep out of Papers A and B.
prop:generalized-assumption-boundary	proposition	Generalized Assumption Boundary	latex_toc/content/06_implications_for_software_architecture.tex:355	HD8,HD7	physical	C	full statement	Physical/engineering item; keep out of Papers A and B.
thm:linear-saturation-iff-zero	theorem	Linear Model: Saturation iff Zero Distributed Hardness	latex_toc/content/06_implications_for_software_architecture.tex:370	HD19	physical	C	full statement	Physical/engineering item; keep out of Papers A and B.
thm:generalized-saturation-possible	theorem	Generalized Model: Saturation is Possible	latex_toc/content/06_implications_for_software_architecture.tex:384	HD20,HD6	physical	C	full statement	Physical/engineering item; keep out of Papers A and B.
cor:linear-positive-no-saturation	corollary	Positive Linear Slope Cannot Represent Saturation	latex_toc/content/06_implications_for_software_architecture.tex:402	HD16	physical	C	full statement	Physical/engineering item; keep out of Papers A and B.
def:simplicity-tax	definition	(untitled)	latex_toc/content/07_simplicity_tax.tex:9	CT6,HD5,HD26,HD21,HD4	physical	C	full statement	Physical/engineering item; keep out of Papers A and B.
def:simplicity-tax	definition	Simplicity Tax	latex_toc/content/07_simplicity_tax.tex:13	HD5	physical	C	full statement	Physical/engineering item; keep out of Papers A and B.
thm:tax-conservation	theorem	Redistribution Identity	latex_toc/content/07_simplicity_tax.tex:20	HD5	physical	C	full statement	Physical/engineering item; keep out of Papers A and B.
thm:tax-grows	remark	Why this is nontrivial in context	latex_toc/content/07_simplicity_tax.tex:33	HD26	physical	C	shortened recap	Physical/engineering item; keep out of Papers A and B.
thm:tax-grows	theorem	Linear Growth	latex_toc/content/07_simplicity_tax.tex:37	HD26	physical	C	full statement	Physical/engineering item; keep out of Papers A and B.
thm:amortization	theorem	Amortization	latex_toc/content/07_simplicity_tax.tex:50	HD4	physical	C	full statement	Physical/engineering item; keep out of Papers A and B.
cor:gap-externalization	corollary	Gap Externalization	latex_toc/content/07_simplicity_tax.tex:70	HD26,HD21	physical	C	full statement	Physical/engineering item; keep out of Papers A and B.
cor:gap-minimization-hard	corollary	Exact Minimization Criterion	latex_toc/content/07_simplicity_tax.tex:84	S2P2	physical	C	full statement	Physical/engineering item; keep out of Papers A and B.
UNLABELED:10_lean_4_proof_listings:54	theorem	TAUTOLOGY Reduction Correctness, Lean	latex_toc/content/10_lean_4_proof_listings.tex:54		A-only	A	cite only	Lean proof-listing support for Paper A; prune per-paper handles later.
